topic_label,lema_label,count
community,community,84
countries,countries,120
countries,comfort,115
countries,community,84
countries,conditions,70
countries,comfortable,52
countries,corruption,50
countries,company,48
countries,mutual,45
countries,common,42
countries,conflicts,42
countries,contentment,41
countries,confidence,28
countries,living_conditions,28
countries,content,26
countries,cooperation,26
countries,college,25
countries,compassion,25
countries,control,24
countries,coexistence,21
countries,cohesion,20
countries,communication,19
countries,complete,19
countries,west,18
countries,class,16
countries,condition,15
countries,prosperous,15
countries,conscience,15
countries,concrete,14
countries,consumption,14
countries,contribution,14
countries,companies,14
countries,other_countries,14
countries,collaboration,13
countries,status,13
countries,ground,13
countries,wisdom,13
countries,course,12
countries,communities,12
countries,courage,12
countries,contamination,11
countries,greed,11
countries,less_corruption,11
countries,wealthy,10
countries,constant,9
countries,conscious,9
countries,good_conditions,9
countries,luxurious,9
countries,stray,9
countries,conservation,9
countries,communist,8
countries,financial_comfort,8
countries,psychological_comfort,8
countries,more_compassion,8
countries,common_ground,8
countries,self_confidence,8
countries,whatever,8
countries,connection,8
countries,different_countries,8
countries,consideration,8
countries,color,8
countries,communism,8
countries,connections,8
countries,cost,7
countries,competition,7
countries,states,7
countries,consciousness,7
countries,developed_countries,6
countries,corporations,6
countries,families,6
countries,good_company,6
countries,peaceful_coexistence,6
countries,coming,6
countries,main,6
countries,multi,6
countries,commitment,6
countries,social_cohesion,6
countries,classes,6
countries,words,6
countries,less_greed,6
countries,increased,6
countries,wage,6
countries,standards,6
countries,building,5
countries,african_countries,5
countries,construction,5
countries,tranquillity,5
countries,skin_color,5
countries,wild,5
countries,steady,5
countries,president,5
countries,dogs,5
countries,more_confidence,5
countries,contact,5
countries,wonderful,5
countries,comfortability,5
countries,trust,5
countries,welth,5
countries,computer,5
countries,infrastructure,4
countries,aspect,4
countries,more_courage,4
countries,infinite,4
countries,good_condition,4
countries,controlled,4
countries,continuous,4
countries,marginalized,4
countries,weather,4
countries,consumerism,4
countries,figures,4
countries,integrity,4
countries,subjects,4
countries,inclusion,4
countries,internal,4
countries,working_conditions,4
countries,wellbeing,4
countries,constraints,4
countries,stop,4
countries,gratitude,4
countries,costs,4
countries,concerns,4
countries,less_conflicts,4
countries,combat,4
countries,concern,4
countries,middle_class,4
countries,consumer,4
countries,world_countries,4
countries,dollars,4
countries,right_wing,3
countries,mental_wellbeing,3
countries,cohabitation,3
countries,independance,3
countries,master,3
countries,masters,3
countries,more_trust,3
countries,taxes,3
countries,united_states,3
countries,compliance,3
countries,companionship,3
countries,corporate,3
countries,countrys,3
countries,congratulations,3
countries,stabilization,3
countries,topics,3
countries,meaningful_connections,3
countries,property,3
countries,continued,3
countries,more_communication,3
countries,less_contamination,3
countries,primary,3
countries,indipendent,3
countries,wanna,3
countries,contentness,3
countries,social_class,3
countries,congolese,3
countries,warmth,3
countries,coach,3
countries,harmonious_coexistence,3
countries,climate_control,3
countries,equal_conditions,3
countries,confident,3
countries,interactions,3
countries,grade,3
countries,manner,3
countries,wing,3
countries,corrupt,3
countries,matters,3
countries,substance,3
countries,trend,3
countries,international_conflicts,3
countries,grades,3
countries,every_aspect,3
countries,prosperidad,3
countries,better_communication,3
countries,progression,3
countries,wonder,3
countries,promotion,3
countries,pure,3
countries,considerate,3
countries,gun_control,3
countries,writing,3
countries,healthy_coexistence,3
countries,inventions,3
countries,environmental_conservation,3
countries,consequences,3
countries,group,3
countries,programmer,3
countries,concepts,3
countries,subject,3
countries,worth,3
countries,financial_independance,3
countries,weak,2
countries,easier,2
countries,intra,2
countries,contempt,2
countries,coaches,2
countries,comforts,2
countries,global_conflicts,2
countries,foreign_countries,2
countries,capacities,2
countries,teaching,2
countries,economic_comfortability,2
countries,presenter,2
countries,more_cooperation,2
countries,coast,2
countries,committed,2
countries,more_consideration,2
countries,figure,2
countries,title,2
countries,more_cohesion,2
countries,covid,2
countries,grudge,2
countries,structured,2
countries,trauma,2
countries,consistent,2
countries,lower_taxes,2
countries,precarious,2
countries,white,2
countries,colleges,2
countries,political_commitment,2
countries,million_dollars,2
countries,trade,2
countries,cooler,2
countries,mustang,2
countries,companys,2
countries,unnecessary_conflicts,2
countries,woprk,2
countries,taliban,2
countries,good_grades,2
countries,more_conscious,2
countries,employment_status,2
countries,many_countries,2
countries,ting,2
countries,large_corporations,2
countries,macau,2
countries,climate_conditions,2
countries,high_status,2
countries,finish,2
countries,graduate_college,2
countries,connait,2
countries,world_wide,2
countries,make,2
countries,colour,2
countries,integration,2
countries,wide,2
countries,manchester,2
countries,quick,2
countries,targets,2
countries,muito,2
countries,strong_communities,2
countries,plenty,2
countries,considero,2
countries,privacy,2
countries,matter,2
countries,self_control,2
countries,consequence,2
countries,contributions,2
countries,political_conflicts,2
countries,compromise,2
countries,build,2
countries,innocence,2
countries,wholeness,2
countries,than,2
countries,continuamente,2
countries,conviviality,2
countries,prestigious,2
countries,trouble,2
countries,correct,2
countries,prospers,2
countries,socioeconomic_class,2
countries,poor_countries,2
countries,communicable,2
countries,career_progression,2
countries,struggle,2
countries,weather_conditions,2
countries,more_common,2
countries,widespread,2
countries,transparent,2
countries,productivity,2
countries,massive,2
countries,couple,2
countries,fish,2
countries,collection,2
countries,certain_countries,2
countries,successful_indipendent,2
countries,track,2
countries,large_companies,2
countries,interior,2
countries,range,2
countries,continents,2
countries,want,2
countries,consistency,2
countries,conferences,2
countries,life_conditions,2
countries,social_status,2
countries,protected,2
countries,terrorism,2
countries,warm,2
countries,finacial,2
countries,armed_conflicts,2
countries,more_conscience,2
countries,social_classes,2
countries,winters,2
countries,contre,2
countries,processed,2
countries,stabilizacao,2
countries,appropriate,2
countries,internet,2
countries,stereotypes,2
countries,mandarin,2
countries,better_consideration,2
countries,conquest,2
countries,inchallah,2
countries,inspiring,2
countries,more_stray,2
countries,stone,2
countries,communications,2
countries,better_conditions,2
countries,space_conquest,2
countries,transfer,2
countries,less_consumption,2
countries,concord,2
countries,good_coexistence,2
countries,increasing,2
countries,contentedness,2
countries,price,2
countries,tolerancia,2
countries,intent,2
countries,cease,2
countries,grand,2
countries,grip,2
countries,dangers,2
countries,telle,2
countries,principles,2
countries,donations,2
countries,international_cooperation,2
countries,doers,2
countries,proposito,2
countries,worst,2
countries,style,2
countries,life_style,2
countries,comprar,2
countries,witch,2
countries,wait,2
countries,comprehension,2
countries,warida,2
countries,less_intrigue,1
countries,less_competition,1
countries,conversion,1
countries,industrial,1
countries,suitable_industrial,1
countries,famous_confident,1
countries,modest_contribution,1
countries,controlling,1
countries,precisement,1
countries,interplanetary,1
countries,greater_cooperation,1
countries,interviews,1
countries,psychological_capacities,1
countries,fair_competition,1
countries,international_standards,1
countries,coercion,1
countries,less_coercion,1
countries,friendly_consumption,1
countries,prochains,1
countries,managed,1
countries,poorly_managed,1
countries,prettier,1
countries,ascent,1
countries,social_ascent,1
countries,prennent,1
countries,prennent_conscience,1
countries,idiocy_stop,1
countries,scientific_subjects,1
countries,coverage,1
countries,media_coverage,1
countries,lutte_contre,1
countries,improved_consciousness,1
countries,fewer_conflicts,1
countries,most_common,1
countries,concept,1
countries,different_conflicts,1
countries,muslims,1
countries,computational,1
countries,yang_ting,1
countries,conquer,1
countries,gt;‚Ç¨10m_conquer,1
countries,tuvieramos,1
countries,asymmetries,1
countries,wolf,1
countries,pressures,1
countries,messy,1
countries,less_messy,1
countries,prospero,1
countries,war_conflicts,1
countries,corrupted,1
countries,demographic_integration,1
countries,collaborative,1
countries,environment_condition,1
countries,financial_condition,1
countries,workhard,1
countries,precious,1
countries,treee,1
countries,more_treee,1
countries,warrior,1
countries,professionals,1
countries,skilled_professionals,1
countries,wich,1
countries,evil_stop,1
countries,international_conferences,1
countries,modernization_construction,1
countries,endangered_wild,1
countries,china_prospers,1
countries,thinker,1
countries,scores,1
countries,test_scores,1
countries,media_content,1
countries,selfishness_cease,1
countries,insensitivity,1
countries,cohesion_mutual,1
countries,traditionalist,1
countries,self_stabilization,1
countries,cosmic,1
countries,great_contributions,1
countries,communicate,1
countries,greater_confidence,1
countries,marketer,1
countries,digital_marketer,1
countries,human_inventions,1
countries,approach,1
countries,practical_approach,1
countries,undergraduate_course,1
countries,practitioner,1
countries,medical_practitioner,1
countries,stimulating,1
countries,supportive_stimulating,1
countries,textiles,1
countries,world_main,1
countries,textile,1
countries,tecnologico,1
countries,advance_tecnologico,1
countries,informatico,1
countries,tecnologico_informatico,1
countries,free_mutual,1
countries,involution,1
countries,messi,1
countries,match,1
countries,messi_match,1
countries,washing,1
countries,green_washing,1
countries,dassault,1
countries,finished,1
countries,decent_cohabitation,1
countries,masse,1
countries,finisher,1
countries,colors,1
countries,skin_colors,1
countries,individual_consumption,1
countries,better_intra,1
countries,international_cohesion,1
countries,financial_constraints,1
countries,trivialities,1
countries,more_conflicts,1
countries,tornadoes,1
countries,markers,1
countries,identity_markers,1
countries,wold,1
countries,family_matters,1
countries,understanding_ground,1
countries,convierta,1
countries,that_convierta,1
countries,global_cooperation,1
countries,this_community,1
countries,worldfor,1
countries,better_worldfor,1
countries,stack,1
countries,full_stack,1
countries,beauty_standards,1
countries,living_standards,1
countries,approaches,1
countries,different_approaches,1
countries,less_consumerism,1
countries,other_words,1
countries,primal,1
countries,social_constraints,1
countries,egot_title,1
countries,prospection,1
countries,preferred,1
countries,donation,1
countries,social_consciousness,1
countries,commercial,1
countries,peak,1
countries,carbon_peak,1
countries,stable_couple,1
countries,poverty_stop,1
countries,double_standards,1
countries,convenience,1
countries,ingresos,1
countries,buenos_ingresos,1
countries,maniacs,1
countries,telephone,1
countries,technology_telephone,1
countries,filosofies,1
countries,preparatory,1
countries,preparatory_class,1
countries,train,1
countries,stem,1
countries,finite,1
countries,corals,1
countries,calculator,1
countries,tigray,1
countries,firms,1
countries,audit_firms,1
countries,public_figures,1
countries,storm,1
countries,target,1
countries,wirld,1
countries,better_wirld,1
countries,gratuito,1
countries,accesso_gratuito,1
countries,wealthiest,1
countries,most_wealthiest,1
countries,confundir,1
countries,trains,1
countries,underwater_trains,1
countries,inmy,1
countries,successful_inmy,1
countries,manners,1
countries,healthy_connections,1
countries,confusion,1
countries,structural,1
countries,gender_stereotypes,1
countries,association,1
countries,profit_association,1
countries,toes,1
countries,effectively_manner,1
countries,makeup,1
countries,good_cohesion,1
countries,processing,1
countries,drift,1
countries,ecological_drift,1
countries,filmmaker,1
countries,true_inchallah,1
countries,intervening,1
countries,more_intervening,1
countries,intervening_states,1
countries,internal_capacities,1
countries,writings,1
countries,maurice,1
countries,ecological_community,1
countries,topmost,1
countries,tranquillite,1
countries,territorial,1
countries,confilts,1
countries,territorial_confilts,1
countries,county,1
countries,world_class,1
countries,stereotypical,1
countries,aspire,1
countries,capable,1
countries,self_capable,1
countries,confrontation,1
countries,less_confrontation,1
countries,transaction,1
countries,mansion,1
countries,mast,1
countries,initiator,1
countries,project_initiator,1
countries,precautions,1
countries,other_precautions,1
countries,world_witch,1
countries,multidisciplinary,1
countries,love_countries,1
countries,alkarim_warida,1
countries,asilm,1
countries,wlmahaba,1
countries,asilm_wlmahaba,1
countries,think,1
countries,properous,1
countries,long_properous,1
countries,peoples_words,1
countries,togetto,1
countries,country_prospers,1
countries,wind,1
countries,grandir,1
countries,stamina,1
countries,continent,1
countries,inportans,1
countries,pleasant_conditions,1
countries,incomes,1
countries,good_comfortable,1
countries,wildfire,1
countries,core,1
countries,friendship_group,1
countries,stabillity,1
countries,better_figure,1
countries,turn,1
countries,dominated,1
countries,male_dominated,1
countries,more_topics,1
countries,while,1
countries,towns,1
countries,vibrant_towns,1
countries,capitalist_greed,1
countries,fiance,1
countries,grief,1
countries,stable_comfortable,1
countries,promise,1
countries,happy_comfortable,1
countries,income_countries,1
countries,increasing_costs,1
countries,free_trade,1
countries,experience_community,1
countries,sustainable_manner,1
countries,comfot,1
countries,financial_ground,1
countries,welcoming,1
countries,immersion_welcoming,1
countries,transitions,1
countries,world_transitions,1
countries,standing,1
countries,long_standing,1
countries,gratefulness,1
countries,insanity,1
countries,less_insanity,1
countries,compass,1
countries,moral_compass,1
countries,mannered,1
countries,well_mannered,1
countries,marginalised,1
countries,marginalised_communities,1
countries,comments,1
countries,horrid_comments,1
countries,knit_community,1
countries,food_costs,1
countries,sustainable_content,1
countries,social_concern,1
countries,rock,1
countries,conversations,1
countries,authentic_conversations,1
countries,terror,1
countries,less_terror,1
countries,stronger_privacy,1
countries,interstellar,1
countries,global_communities,1
countries,amenities,1
countries,basic_amenities,1
countries,reduced_cost,1
countries,connectivity,1
countries,general_contentment,1
countries,other_trend,1
countries,most_countries,1
countries,monetary_consequence,1
countries,considerate_manner,1
countries,conflit,1
countries,comment,1
countries,money_trouble,1
countries,further_conflicts,1
countries,print,1
countries,carbon_print,1
countries,future_worth,1
countries,conspiracy,1
countries,more_conspiracy,1
countries,environmental_status,1
countries,cheaper_cost,1
countries,wokeness,1
countries,prevention,1
countries,change_prevention,1
countries,climate_stabilization,1
countries,conservative,1
countries,mental_comfort,1
countries,peace_contempt,1
countries,poorer_countries,1
countries,positive_interactions,1
countries,inspire,1
countries,housing_costs,1
countries,jacksons_innocence,1
countries,broadway,1
countries,purest,1
countries,ailments,1
countries,stablity,1
countries,financial_stablity,1
countries,climate_conscious,1
countries,prosper,1
countries,corrective,1
countries,continual,1
countries,incompetent,1
countries,succesful_coach,1
countries,grace,1
countries,insulin,1
countries,assistant,1
countries,physicians_assistant,1
countries,dodtor,1
countries,coding,1
countries,coding_course,1
countries,walkable,1
countries,sustainable_walkable,1
countries,marraige,1
countries,loving_marraige,1
countries,happy_content,1
countries,massachusetts,1
countries,economic_condition,1
countries,insurance,1
countries,health_insurance,1
countries,environmental_targets,1
countries,finish_college,1
countries,high_standards,1
countries,collboration,1
countries,living_wage,1
countries,socioeconomic_conditions,1
countries,period,1
countries,better_period,1
countries,wall,1
countries,prison,1
countries,detrimental_condition,1
countries,prey,1
countries,compulsions,1
countries,good_community,1
countries,animation_company,1
countries,week,1
countries,personal_confidence,1
countries,prospetity,1
countries,more_community,1
countries,strides,1
countries,more_strides,1
countries,world_conflicts,1
countries,whose,1
countries,historical_figures,1
countries,finically,1
countries,assbackwards,1
countries,collimate,1
countries,cool,1
countries,manifestations,1
countries,more_considerate,1
countries,considerate_figures,1
countries,thin,1
countries,waging,1
countries,more_waging,1
countries,living_costs,1
countries,trustworthy,1
countries,companions,1
countries,animal_companions,1
countries,tactics,1
countries,fear_tactics,1
countries,standpoint,1
countries,technological_standpoint,1
countries,willingness,1
countries,transit,1
countries,public_transit,1
countries,mastery,1
countries,self_mastery,1
countries,strife,1
countries,more_strife,1
countries,conent,1
countries,others_company,1
countries,cognitive,1
countries,cognitive_integrity,1
countries,empathetic_community,1
countries,transforming,1
countries,marrying,1
countries,propserity,1
countries,tropical,1
countries,married,1
countries,happy_married,1
countries,additional_countries,1
countries,collectiveness,1
countries,infection,1
countries,covid_infection,1
countries,statutory,1
countries,higher_statutory,1
countries,maternity,1
countries,statutory_maternity,1
countries,overall_wellbeing,1
countries,cooperations,1
countries,massive_cooperations,1
countries,minority_group,1
countries,whoever,1
countries,thoughtful,1
countries,more_thoughtful,1
countries,safe_appropriate,1
countries,financial_comfortability,1
countries,gratuity,1
countries,solid_progression,1
countries,graditude,1
countries,free_quick,1
countries,intune,1
countries,more_intune,1
countries,stabilty,1
countries,damaged,1
countries,tramua,1
countries,positive_connections,1
countries,prisons,1
countries,private_prisons,1
countries,weight,1
countries,compatability,1
countries,consumtpion,1
countries,meat_consumtpion,1
countries,territory,1
countries,social_group,1
countries,their_families,1
countries,ther,1
countries,more_greed,1
countries,wastefulness,1
countries,bodies,1
countries,sporting_bodies,1
countries,stablilty,1
countries,financial_stablilty,1
countries,stigma,1
countries,mario,1
countries,super_mario,1
countries,protections,1
countries,better_protections,1
countries,healthy_community,1
countries,tribe,1
countries,community_tribe,1
countries,romance,1
countries,partnerships_romance,1
countries,everyday_contentment,1
countries,compassionate,1
countries,programmings,1
countries,social_programmings,1
countries,weed,1
countries,legal_weed,1
countries,commonalities,1
countries,livable_wage,1
countries,muscle,1
countries,build_muscle,1
countries,positive_community,1
countries,governmental_control,1
countries,transgender,1
countries,socialist_communist,1
countries,dairy,1
countries,malicious,1
countries,malicious_intent,1
countries,middle_classes,1
countries,economic_conditions,1
countries,complete_control,1
countries,environmental_dangers,1
countries,stratification,1
countries,excessive_stratification,1
countries,israeli_terrorism,1
countries,better_condition,1
countries,stray_dogs,1
countries,tranquila,1
countries,vida_tranquila,1
countries,problemas,1
countries,colectiva,1
countries,prosperidad_colectiva,1
countries,tengamos,1
countries,todos_tengamos,1
countries,prometedor,1
countries,transmitir,1
countries,mujer,1
countries,convertirme,1
countries,terminar,1
countries,todas,1
countries,cumplir_todas,1
countries,progreso,1
countries,social_conditions,1
countries,stronger_families,1
countries,best_condition,1
countries,consumism,1
countries,comprension,1
countries,exista_comprension,1
countries,propia,1
countries,nuestra_propia,1
countries,mano,1
countries,propia_mano,1
countries,better_community,1
countries,better_standards,1
countries,workplace,1
countries,good_workplace,1
countries,little_corruption,1
countries,more_consciousness,1
countries,tolerate,1
countries,colonialism,1
countries,individualistic,1
countries,less_individualistic,1
countries,cooperative,1
countries,more_cooperative,1
countries,societies_grip,1
countries,teen,1
countries,dance_classes,1
countries,tears,1
countries,prosperar,1
countries,real_connections,1
countries,wreck,1
countries,absolute_wreck,1
countries,transphobia,1
countries,less_transphobia,1
countries,more_ground,1
countries,tourism,1
countries,trascendencia,1
countries,ecologia_prosperidad,1
countries,maps,1
countries,consumerist,1
countries,more_consumerist,1
countries,wheelchair,1
countries,electric_wheelchair,1
countries,inventors,1
countries,tommorow,1
countries,ingonrance,1
countries,dark,1
countries,tons,1
countries,taming,1
countries,principals,1
countries,good_principals,1
countries,other_conflicts,1
countries,warmer,1
countries,comun,1
countries,bien_comun,1
countries,tequila,1
countries,what_tequila,1
countries,triunfar,1
countries,record_collection,1
countries,their_worth,1
countries,healthy_competition,1
countries,count,1
countries,harmony_coexistence,1
countries,integrated,1
countries,more_integrated,1
countries,constructive,1
countries,social_conscience,1
countries,smoke,1
countries,less_smoke,1
countries,security_concerns,1
countries,rational_range,1
countries,complementarity,1
countries,broken,1
countries,grain,1
countries,lgbt_couple,1
countries,buildings,1
countries,social_commitment,1
countries,ecologically_conscious,1
countries,communicator,1
countries,best_communicator,1
countries,extensive_company,1
countries,damaging,1
countries,international_trade,1
countries,temrinat,1
countries,economic_status,1
countries,standardization,1
countries,global_infrastructure,1
countries,political_corruption,1
countries,controversy,1
countries,assertive,1
countries,more_assertive,1
countries,assertive_communication,1
countries,most_marginalized,1
countries,your_conscience,1
countries,tate,1
countries,andrew_tate,1
countries,less_than,1
countries,current_conditions,1
countries,good_teaching,1
countries,asian,1
countries,asian_countries,1
countries,quarrels,1
countries,taboo_subjects,1
countries,technology_transfer,1
countries,publish,1
countries,converted,1
countries,healthy_cohabitation,1
countries,doctors,1
countries,future_families,1
countries,collaborater,1
countries,stand,1
countries,hand_stand,1
countries,several_countries,1
countries,inclusive_writing,1
countries,cook,1
countries,pastry_cook,1
countries,less_contact,1
countries,living_condition,1
countries,great_president,1
countries,financial_conditions,1
countries,maturation,1
countries,class_consciousness,1
countries,computing,1
countries,form_computing,1
countries,combined,1
countries,everyones_combined,1
countries,human_connections,1
countries,contributor,1
countries,cars_collection,1
countries,giant_companies,1
countries,durable_consumption,1
countries,change_company,1
countries,more_controlled,1
countries,conserver,1
countries,j‚Äôespere_conserver,1
countries,code,1
countries,classic_code,1
countries,every_countries,1
countries,work_conditions,1
countries,contemporary,1
countries,lutter_contre,1
countries,conscencius,1
countries,fuel_companies,1
countries,contaminacion,1
countries,haya_contaminacion,1
countries,more_concerns,1
countries,courior,1
countries,better_connection,1
countries,safe_prosperous,1
countries,conquistato,1
countries,conocer,1
countries,futuro_conocer,1
countries,worlds_condition,1
countries,more_communications,1
countries,volatile_weather,1
countries,better_communities,1
countries,coder,1
countries,game_coder,1
countries,peaceful_consistency,1
countries,scout_master,1
countries,cows,1
countries,enough_conditions,1
countries,couragement,1
countries,site_construction,1
countries,better_control,1
countries,collabiration,1
countries,council,1
countries,environmental_condition,1
countries,courageous,1
countries,more_courageous,1
countries,collector,1
countries,impressive_collector,1
countries,colonization,1
countries,continuation,1
countries,nature_conservation,1
countries,colorblind,1
countries,undeveloped_countries,1
countries,counterterrorist,1
countries,sustainable_company,1
countries,graduated,1
countries,greater_conviviality,1
countries,countless,1
countries,social_conflicts,1
countries,more_committed,1
countries,decent_conditions,1
countries,communitarianism,1
countries,cloud,1
countries,middle_ground,1
countries,cookies,1
countries,grownups,1
countries,meat_consumption,1
countries,inter_community,1
countries,responsible_company,1
countries,environmental_conditions,1
countries,collective_consciousness,1
countries,economic_comfort,1
countries,humanitarian_conflicts,1
countries,counterpart,1
countries,better_collaboration,1
countries,essential_subjects,1
countries,courtesy,1
countries,major_conflicts,1
countries,colonized,1
countries,consoles,1
countries,redo_consoles,1
countries,developing_countries,1
countries,southern_countries,1
countries,indigenous_communities,1
countries,grear,1
countries,greenspaces,1
countries,plants_greenspaces,1
countries,colours,1
countries,flying_colours,1
countries,their_communities,1
countries,less_concrete,1
countries,indivudual_contribution,1
countries,university_course,1
countries,grylls,1
countries,bear_grylls,1
countries,wastes,1
countries,contributing,1
countries,contry,1
countries,worldhunger,1
countries,multinational_companies,1
countries,world‚Äôs,1
countries,website,1
countries,fire_company,1
countries,struggling_countries,1
countries,trails,1
countries,famous_trails,1
countries,skin_colour,1
countries,scout_community,1
countries,welcome,1
countries,credential=akiau7vwqzli3vsj6d6n%2f20230123%2feu_west,1
countries,global_contributions,1
countries,assurance,1
countries,great_assurance,1
countries,financial_status,1
countries,greatest_computer,1
countries,multiple_countries,1
countries,conditioning,1
countries,warrs,1
countries,message,1
countries,good_message,1
countries,full_control,1
countries,prime,1
countries,music_classes,1
countries,democratic_countries,1
countries,more_corrupt,1
countries,community_building,1
countries,cooperat,1
countries,graduation,1
countries,wishlist,1
countries,coisas,1
countries,outras_coisas,1
countries,como,1
countries,violent_communication,1
countries,muzzled,1
countries,jeunesse_conscious,1
countries,growup,1
countries,family_warmth,1
countries,pollution_control,1
countries,complaint,1
countries,humanitarian_conditions,1
countries,greediness,1
countries,countryside,1
countries,ecological_trend,1
countries,counter,1
countries,early_college,1
countries,categories,1
countries,bad_grades,1
countries,contradictions,1
countries,nice_luxurious,1
countries,social_inclusion,1
countries,misinterpreted_concepts,1
countries,comparison,1
countries,court,1
countries,criminal_court,1
countries,graphic,1
countries,great_graphic,1
countries,contractor,1
countries,great_contractor,1
countries,workshops,1
countries,compliments,1
countries,good_compliments,1
countries,simple_comfort,1
countries,mess,1
countries,less_mess,1
countries,normal_winters,1
countries,assisted,1
countries,consume,1
countries,intercultural_inclusion,1
countries,better_common,1
countries,correctional,1
countries,cooperating,1
countries,nature_cooperating,1
countries,energy_consumption,1
countries,sustainable_conviviality,1
countries,global_corruption,1
countries,continuity,1
countries,better_grip,1
countries,some_donations,1
countries,their_worst,1
countries,widows,1
countries,poor_widows,1
countries,arabian_countries,1
countries,reputed_multi,1
countries,national_company,1
countries,life_coaches,1
countries,coworkers,1
countries,many_companies,1
countries,certain_matters,1
countries,political_cooperation,1
countries,wolves,1
countries,predatory_competition,1
countries,cooper,1
countries,clear_communication,1
countries,winning,1
countries,more_winning,1
countries,world_colleges,1
countries,walk,1
countries,colourless,1
countries,grids,1
countries,stagnant_grids,1
countries,environmental_conscience,1
countries,taboo_subject,1
countries,climate_trend,1
countries,rivalries,1
countries,convictions,1
countries,deep_convictions,1
countries,wigner,1
countries,minor_wigner,1
countries,detain_contamination,1
countries,international_collaboration,1
countries,weapon,1
countries,countries_weapon,1
countries,conference,1
countries,committee,1
countries,dormitory_committee,1
countries,interested,1
countries,powerful_interested,1
countries,consented,1
countries,less_consented,1
countries,contacts,1
countries,social_contacts,1
countries,different_communities,1
countries,communion,1
countries,disadvantaged_countries,1
countries,conozcan,1
countries,workü§ç,1
countries,economic_concerns,1
countries,ecological_conscience,1
countries,current_consumption,1
countries,much_comfortable,1
countries,better_mutual,1
countries,wrenches,1
countries,calm_wisdom,1
countries,irreversible_consequences,1
countries,cordiality,1
countries,more_cordiality,1
countries,greetings,1
countries,greate,1
countries,wonders,1
countries,fixes,1
countries,asuccessfull,1
countries,consensus,1
countries,groomer,1
countries,talent_groomer,1
countries,considero_muito,1
countries,autonomous_condition,1
countries,peace_building,1
countries,next_coming,1
countries,conviction,1
countries,community_cooperation,1
countries,good_weather,1
countries,state_status,1
countries,status_community,1
countries,conduct,1
countries,good_conduct,1
countries,european_countries,1
countries,well_structured,1
countries,inability,1
countries,list_title,1
countries,grandma,1
countries,miserable_countries,1
countries,startup,1
countries,mainly,1
countries,murderers,1
countries,mass_murderers,1
countries,introspection,1
countries,straight,1
countries,higher_wage,1
countries,guides,1
countries,scout_guides,1
countries,assault,1
countries,rape_assault,1
countries,strength_courage,1
countries,colored,1
countries,rose_colored,1
countries,personal_consumption,1
countries,intensive,1
countries,considerable,1
countries,coordination,1
countries,political_coordination,1
countries,more_countries,1
countries,wasting,1
countries,less_wasting,1
countries,goods_consumer,1
countries,integral,1
countries,incrivel,1
countries,other_continents,1
countries,classy,1
countries,best_programmer,1
countries,comprehensive,1
countries,successful_wealthy,1
countries,progenitors,1
countries,predictions,1
countries,smart_pure,1
countries,ware,1
countries,most_company,1
countries,significant_contribution,1
countries,indias,1
countries,just_indias,1
countries,reputated_college,1
countries,peaceful_community,1
countries,dubai_company,1
countries,incomplete,1
countries,their_incomplete,1
countries,badminton_coach,1
countries,concruit,1
countries,worldly,1
countries,wiser,1
countries,comida,1
countries,interpersonal,1
countries,good_interpersonal,1
countries,place_corruption,1
countries,future_concerns,1
countries,little_courage,1
countries,capacity,1
countries,economic_capacity,1
countries,kind_words,1
countries,prejudiced,1
countries,service_company,1
countries,intense,1
countries,broad,1
countries,game_company,1
countries,prayers,1
countries,negative_consequences,1
countries,stope,1
countries,indefference,1
countries,collapse,1
countries,wellfare,1
countries,social_wellfare,1
countries,programes,1
countries,wellfare_programes,1
countries,street_dogs,1
countries,consideracao,1
countries,increasingly,1
countries,consequent,1
countries,certain_topics,1
countries,stakeholders,1
countries,planet_conditions,1
countries,coercive,1
countries,truly_coercive,1
countries,stock,1
countries,submission,1
countries,full_submission,1
countries,intrigue,1
